{
    "loss": 1.047969937324524,
    "accuracy": 0.7696629166603088
}