{
    "loss": 43.37857437133789,
    "accuracy": 0.5786516666412354
}