{
    "loss": 6.534086227416992,
    "accuracy": 0.47752809524536133
}